onset	duration	sample	type	value
0	10	1	trial	n/a
2.29083333333333	n/a	2750	frontpanel trigger	32
2.29083333333333	n/a	2750	UPPT001	32
2.29083333333333	0	2750	ratemood	n/a
5.29666666666667	n/a	6357	frontpanel trigger	64
5.29666666666667	n/a	6357	UPPT001	64
5.29666666666667	0	6357	slider	n/a
10	10	12001	trial	n/a
10.7883333333333	n/a	12947	frontpanel trigger	1
10.7883333333333	n/a	12947	UPPT001	1
10.7883333333333	0	12947	Answer	n/a
13.7633333333333	n/a	16517	frontpanel trigger	4
13.7633333333333	n/a	16517	UPPT001	4
13.7633333333333	0	16517	gamble	n/a
17.7625	n/a	21316	frontpanel trigger	8
17.7625	n/a	21316	UPPT001	8
17.7625	0	21316	win	n/a
20	10	24001	trial	n/a
20.7833333333333	n/a	24941	frontpanel trigger	1
20.7833333333333	n/a	24941	UPPT001	1
20.7833333333333	0	24941	Answer	n/a
23.7841666666667	n/a	28542	frontpanel trigger	4
23.7841666666667	n/a	28542	UPPT001	4
23.7841666666667	0	28542	gamble	n/a
27.7841666666667	n/a	33342	frontpanel trigger	16
27.7841666666667	n/a	33342	UPPT001	16
27.7841666666667	0	33342	lose	n/a
30	10	36001	trial	n/a
30.7983333333333	n/a	36959	frontpanel trigger	1
30.7983333333333	n/a	36959	UPPT001	1
30.7983333333333	0	36959	Answer	n/a
31.6533333333333	n/a	37985	frontpanel trigger	4
31.6533333333333	n/a	37985	UPPT001	4
31.6533333333333	0	37985	gamble	n/a
35.6533333333333	n/a	42785	frontpanel trigger	8
35.6533333333333	n/a	42785	UPPT001	8
35.6533333333333	0	42785	win	n/a
37.6441666666667	n/a	45174	frontpanel trigger	32
37.6441666666667	n/a	45174	UPPT001	32
37.6441666666667	0	45174	ratemood	n/a
40	10	48001	classification	BAD
40	10	48001	trial	n/a
40.6441666666667	n/a	48774	frontpanel trigger	64
40.6441666666667	n/a	48774	UPPT001	64
40.6441666666667	0	48774	slider	n/a
47.17	n/a	56605	frontpanel trigger	1
47.17	n/a	56605	UPPT001	1
47.17	0	56605	Answer	n/a
48.0766666666667	n/a	57693	frontpanel trigger	2
48.0766666666667	n/a	57693	UPPT001	2
48.0766666666667	0	57693	certain	n/a
50	10	60001	classification	BAD
50	10	60001	trial	n/a
55.0933333333333	n/a	66113	frontpanel trigger	1
55.0933333333333	n/a	66113	UPPT001	1
55.0933333333333	0	66113	Answer	n/a
55.9808333333333	n/a	67178	frontpanel trigger	4
55.9808333333333	n/a	67178	UPPT001	4
55.9808333333333	0	67178	gamble	n/a
59.98	n/a	71977	frontpanel trigger	16
59.98	n/a	71977	UPPT001	16
59.98	0	71977	lose	n/a
60	10	72001	classification	BAD
60	0	72001	lose	n/a
60	10	72001	trial	n/a
61.9708333333333	n/a	74366	frontpanel trigger	32
61.9708333333333	n/a	74366	UPPT001	32
61.9708333333333	0	74366	ratemood	n/a
64.9708333333333	n/a	77966	frontpanel trigger	64
64.9708333333333	n/a	77966	UPPT001	64
64.9708333333333	0	77966	slider	n/a
70	10	84001	trial	n/a
71.4975	n/a	85798	frontpanel trigger	1
71.4975	n/a	85798	UPPT001	1
71.4975	0	85798	Answer	n/a
72.77	n/a	87325	frontpanel trigger	4
72.77	n/a	87325	UPPT001	4
72.77	0	87325	gamble	n/a
76.77	n/a	92125	frontpanel trigger	16
76.77	n/a	92125	UPPT001	16
76.77	0	92125	lose	n/a
79.7841666666667	n/a	95742	frontpanel trigger	1
79.7841666666667	n/a	95742	UPPT001	1
79.7841666666667	0	95742	Answer	n/a
80	10	96001	trial	n/a
80.99	n/a	97189	frontpanel trigger	4
80.99	n/a	97189	UPPT001	4
80.99	0	97189	gamble	n/a
84.99	n/a	101989	frontpanel trigger	16
84.99	n/a	101989	UPPT001	16
84.99	0	101989	lose	n/a
88.0041666666667	n/a	105606	frontpanel trigger	1
88.0041666666667	n/a	105606	UPPT001	1
88.0041666666667	0	105606	Answer	n/a
89.6441666666667	n/a	107574	frontpanel trigger	4
89.6441666666667	n/a	107574	UPPT001	4
89.6441666666667	0	107574	gamble	n/a
90	10	108001	trial	n/a
93.6441666666667	n/a	112374	frontpanel trigger	8
93.6441666666667	n/a	112374	UPPT001	8
93.6441666666667	0	112374	win	n/a
95.6333333333333	n/a	114761	frontpanel trigger	32
95.6333333333333	n/a	114761	UPPT001	32
95.6333333333333	0	114761	ratemood	n/a
98.6333333333333	n/a	118361	frontpanel trigger	64
98.6333333333333	n/a	118361	UPPT001	64
98.6333333333333	0	118361	slider	n/a
100	10	120001	trial	n/a
105.166666666667	n/a	126201	frontpanel trigger	1
105.166666666667	n/a	126201	UPPT001	1
105.166666666667	0	126201	Answer	n/a
106.501666666667	n/a	127803	frontpanel trigger	4
106.501666666667	n/a	127803	UPPT001	4
106.501666666667	0	127803	gamble	n/a
110	10	132001	trial	n/a
110.500833333333	n/a	132602	frontpanel trigger	8
110.500833333333	n/a	132602	UPPT001	8
110.500833333333	0	132602	win	n/a
113.5125	n/a	136216	frontpanel trigger	1
113.5125	n/a	136216	UPPT001	1
113.5125	0	136216	Answer	n/a
115.219166666667	n/a	138264	frontpanel trigger	2
115.219166666667	n/a	138264	UPPT001	2
115.219166666667	0	138264	certain	n/a
120	10	144001	trial	n/a
121.210833333333	n/a	145454	frontpanel trigger	32
121.210833333333	n/a	145454	UPPT001	32
121.210833333333	0	145454	ratemood	n/a
124.210833333333	n/a	149054	frontpanel trigger	64
124.210833333333	n/a	149054	UPPT001	64
124.210833333333	0	149054	slider	n/a
130	10	156001	trial	n/a
130.738333333333	n/a	156887	frontpanel trigger	1
130.738333333333	n/a	156887	UPPT001	1
130.738333333333	0	156887	Answer	n/a
132.260833333333	n/a	158714	frontpanel trigger	4
132.260833333333	n/a	158714	UPPT001	4
132.260833333333	0	158714	gamble	n/a
136.260833333333	n/a	163514	frontpanel trigger	8
136.260833333333	n/a	163514	UPPT001	8
136.260833333333	0	163514	win	n/a
139.274166666667	n/a	167130	frontpanel trigger	1
139.274166666667	n/a	167130	UPPT001	1
139.274166666667	0	167130	Answer	n/a
140	10	168001	trial	n/a
140.730833333333	n/a	168878	frontpanel trigger	4
140.730833333333	n/a	168878	UPPT001	4
140.730833333333	0	168878	gamble	n/a
144.73	n/a	173677	frontpanel trigger	16
144.73	n/a	173677	UPPT001	16
144.73	0	173677	lose	n/a
146.720833333333	n/a	176066	frontpanel trigger	32
146.720833333333	n/a	176066	UPPT001	32
146.720833333333	0	176066	ratemood	n/a
149.720833333333	n/a	179666	frontpanel trigger	64
149.720833333333	n/a	179666	UPPT001	64
149.720833333333	0	179666	slider	n/a
150	10	180001	trial	n/a
156.2525	n/a	187504	frontpanel trigger	1
156.2525	n/a	187504	UPPT001	1
156.2525	0	187504	Answer	n/a
159.255	n/a	191107	frontpanel trigger	4
159.255	n/a	191107	UPPT001	4
159.255	0	191107	gamble	n/a
160	10	192001	trial	n/a
163.255	n/a	195907	frontpanel trigger	16
163.255	n/a	195907	UPPT001	16
163.255	0	195907	lose	n/a
166.268333333333	n/a	199523	frontpanel trigger	1
166.268333333333	n/a	199523	UPPT001	1
166.268333333333	0	199523	Answer	n/a
166.9075	n/a	200290	frontpanel trigger	2
166.9075	n/a	200290	UPPT001	2
166.9075	0	200290	certain	n/a
170	10	204001	trial	n/a
173.921666666667	n/a	208707	frontpanel trigger	1
173.921666666667	n/a	208707	UPPT001	1
173.921666666667	0	208707	Answer	n/a
174.994166666667	n/a	209994	frontpanel trigger	4
174.994166666667	n/a	209994	UPPT001	4
174.994166666667	0	209994	gamble	n/a
178.994166666667	n/a	214794	frontpanel trigger	16
178.994166666667	n/a	214794	UPPT001	16
178.994166666667	0	214794	lose	n/a
180	10	216001	trial	n/a
180.984166666667	n/a	217182	frontpanel trigger	32
180.984166666667	n/a	217182	UPPT001	32
180.984166666667	0	217182	ratemood	n/a
183.984166666667	n/a	220782	frontpanel trigger	64
183.984166666667	n/a	220782	UPPT001	64
183.984166666667	0	220782	slider	n/a
190	10	228001	trial	n/a
190.51	n/a	228613	frontpanel trigger	1
190.51	n/a	228613	UPPT001	1
190.51	0	228613	Answer	n/a
191.783333333333	n/a	230141	frontpanel trigger	4
191.783333333333	n/a	230141	UPPT001	4
191.783333333333	0	230141	gamble	n/a
195.783333333333	n/a	234941	frontpanel trigger	8
195.783333333333	n/a	234941	UPPT001	8
195.783333333333	0	234941	win	n/a
198.798333333333	n/a	238559	frontpanel trigger	1
198.798333333333	n/a	238559	UPPT001	1
198.798333333333	0	238559	Answer	n/a
200	10	240001	trial	n/a
200.421666666667	n/a	240507	frontpanel trigger	2
200.421666666667	n/a	240507	UPPT001	2
200.421666666667	0	240507	certain	n/a
206.410833333333	n/a	247694	frontpanel trigger	32
206.410833333333	n/a	247694	UPPT001	32
206.410833333333	0	247694	ratemood	n/a
209.410833333333	n/a	251294	frontpanel trigger	64
209.410833333333	n/a	251294	UPPT001	64
209.410833333333	0	251294	slider	n/a
210	10	252001	trial	n/a
215.938333333333	n/a	259127	frontpanel trigger	1
215.938333333333	n/a	259127	UPPT001	1
215.938333333333	0	259127	Answer	n/a
216.9775	n/a	260374	frontpanel trigger	4
216.9775	n/a	260374	UPPT001	4
216.9775	0	260374	gamble	n/a
220	10	264001	trial	n/a
220.9775	n/a	265174	frontpanel trigger	8
220.9775	n/a	265174	UPPT001	8
220.9775	0	265174	win	n/a
223.99	n/a	268789	frontpanel trigger	1
223.99	n/a	268789	UPPT001	1
223.99	0	268789	Answer	n/a
225.263333333333	n/a	270317	frontpanel trigger	4
225.263333333333	n/a	270317	UPPT001	4
225.263333333333	0	270317	gamble	n/a
229.263333333333	n/a	275117	frontpanel trigger	16
229.263333333333	n/a	275117	UPPT001	16
229.263333333333	0	275117	lose	n/a
230	10	276001	trial	n/a
232.276666666667	n/a	278733	frontpanel trigger	1
232.276666666667	n/a	278733	UPPT001	1
232.276666666667	0	278733	Answer	n/a
234.450833333333	n/a	281342	frontpanel trigger	2
234.450833333333	n/a	281342	UPPT001	2
234.450833333333	0	281342	certain	n/a
240	10	288001	trial	n/a
240.440833333333	n/a	288530	frontpanel trigger	32
240.440833333333	n/a	288530	UPPT001	32
240.440833333333	0	288530	ratemood	n/a
243.440833333333	n/a	292130	frontpanel trigger	64
243.440833333333	n/a	292130	UPPT001	64
243.440833333333	0	292130	slider	n/a
249.9675	n/a	299962	frontpanel trigger	1
249.9675	n/a	299962	UPPT001	1
249.9675	0	299962	Answer	n/a
250	0	300001	Answer	n/a
250	10	300001	trial	n/a
251.090833333333	n/a	301310	frontpanel trigger	4
251.090833333333	n/a	301310	UPPT001	4
251.090833333333	0	301310	gamble	n/a
255.09	n/a	306109	frontpanel trigger	8
255.09	n/a	306109	UPPT001	8
255.09	0	306109	win	n/a
258.105833333333	n/a	309728	frontpanel trigger	1
258.105833333333	n/a	309728	UPPT001	1
258.105833333333	0	309728	Answer	n/a
260	10	312001	trial	n/a
260.079166666667	n/a	312096	frontpanel trigger	4
260.079166666667	n/a	312096	UPPT001	4
260.079166666667	0	312096	gamble	n/a
264.078333333333	n/a	316895	frontpanel trigger	16
264.078333333333	n/a	316895	UPPT001	16
264.078333333333	0	316895	lose	n/a
266.0675	n/a	319282	frontpanel trigger	32
266.0675	n/a	319282	UPPT001	32
266.0675	0	319282	ratemood	n/a
269.0675	n/a	322882	frontpanel trigger	64
269.0675	n/a	322882	UPPT001	64
269.0675	0	322882	slider	n/a
270	10	324001	trial	n/a
275.599166666667	n/a	330720	frontpanel trigger	1
275.599166666667	n/a	330720	UPPT001	1
275.599166666667	0	330720	Answer	n/a
278.085	n/a	333703	frontpanel trigger	4
278.085	n/a	333703	UPPT001	4
278.085	0	333703	gamble	n/a
280	10	336001	trial	n/a
282.085	n/a	338503	frontpanel trigger	8
282.085	n/a	338503	UPPT001	8
282.085	0	338503	win	n/a
285.1	n/a	342121	frontpanel trigger	1
285.1	n/a	342121	UPPT001	1
285.1	0	342121	Answer	n/a
287.1225	n/a	344548	frontpanel trigger	4
287.1225	n/a	344548	UPPT001	4
287.1225	0	344548	gamble	n/a
290	10	348001	trial	n/a
291.1225	n/a	349348	frontpanel trigger	8
291.1225	n/a	349348	UPPT001	8
291.1225	0	349348	win	n/a
293.111666666667	n/a	351735	frontpanel trigger	32
293.111666666667	n/a	351735	UPPT001	32
293.111666666667	0	351735	ratemood	n/a
296.111666666667	n/a	355335	frontpanel trigger	64
296.111666666667	n/a	355335	UPPT001	64
296.111666666667	0	355335	slider	n/a
300	10	360001	trial	n/a
302.639166666667	n/a	363168	frontpanel trigger	1
302.639166666667	n/a	363168	UPPT001	1
302.639166666667	0	363168	Answer	n/a
304.595833333333	n/a	365516	frontpanel trigger	4
304.595833333333	n/a	365516	UPPT001	4
304.595833333333	0	365516	gamble	n/a
308.595833333333	n/a	370316	frontpanel trigger	8
308.595833333333	n/a	370316	UPPT001	8
308.595833333333	0	370316	win	n/a
310	10	372001	trial	n/a
311.6075	n/a	373930	frontpanel trigger	1
311.6075	n/a	373930	UPPT001	1
311.6075	0	373930	Answer	n/a
312.530833333333	n/a	375038	frontpanel trigger	4
312.530833333333	n/a	375038	UPPT001	4
312.530833333333	0	375038	gamble	n/a
316.530833333333	n/a	379838	frontpanel trigger	16
316.530833333333	n/a	379838	UPPT001	16
316.530833333333	0	379838	lose	n/a
319.545833333333	n/a	383456	frontpanel trigger	1
319.545833333333	n/a	383456	UPPT001	1
319.545833333333	0	383456	Answer	n/a
320	10	384001	trial	n/a
321.935833333333	n/a	386324	frontpanel trigger	4
321.935833333333	n/a	386324	UPPT001	4
321.935833333333	0	386324	gamble	n/a
325.935833333333	n/a	391124	frontpanel trigger	16
325.935833333333	n/a	391124	UPPT001	16
325.935833333333	0	391124	lose	n/a
327.925	n/a	393511	frontpanel trigger	32
327.925	n/a	393511	UPPT001	32
327.925	0	393511	ratemood	n/a
330	10	396001	trial	n/a
330.925	n/a	397111	frontpanel trigger	64
330.925	n/a	397111	UPPT001	64
330.925	0	397111	slider	n/a
337.428333333333	n/a	404915	frontpanel trigger	128
337.428333333333	n/a	404915	UPPT001	128
337.428333333333	0	404915	rest	n/a
340	10	408001	trial	n/a
350	10	420001	trial	n/a
351.169166666667	n/a	421404	frontpanel trigger	32
351.169166666667	n/a	421404	UPPT001	32
351.169166666667	0	421404	ratemood	n/a
354.184166666667	n/a	425022	frontpanel trigger	64
354.184166666667	n/a	425022	UPPT001	64
354.184166666667	0	425022	slider	n/a
360	10	432001	trial	n/a
361.706666666667	n/a	434049	frontpanel trigger	1
361.706666666667	n/a	434049	UPPT001	1
361.706666666667	0	434049	Answer	n/a
364.085833333333	n/a	436904	frontpanel trigger	2
364.085833333333	n/a	436904	UPPT001	2
364.085833333333	0	436904	certain	n/a
370	10	444001	trial	n/a
371.099166666667	n/a	445320	frontpanel trigger	1
371.099166666667	n/a	445320	UPPT001	1
371.099166666667	0	445320	Answer	n/a
372.039166666667	n/a	446448	frontpanel trigger	4
372.039166666667	n/a	446448	UPPT001	4
372.039166666667	0	446448	gamble	n/a
376.038333333333	n/a	451247	frontpanel trigger	16
376.038333333333	n/a	451247	UPPT001	16
376.038333333333	0	451247	lose	n/a
378.028333333333	n/a	453635	frontpanel trigger	32
378.028333333333	n/a	453635	UPPT001	32
378.028333333333	0	453635	ratemood	n/a
380	10	456001	trial	n/a
381.028333333333	n/a	457235	frontpanel trigger	64
381.028333333333	n/a	457235	UPPT001	64
381.028333333333	0	457235	slider	n/a
387.554166666667	n/a	465066	frontpanel trigger	1
387.554166666667	n/a	465066	UPPT001	1
387.554166666667	0	465066	Answer	n/a
388.9775	n/a	466774	frontpanel trigger	4
388.9775	n/a	466774	UPPT001	4
388.9775	0	466774	gamble	n/a
390	10	468001	trial	n/a
392.9775	n/a	471574	frontpanel trigger	16
392.9775	n/a	471574	UPPT001	16
392.9775	0	471574	lose	n/a
395.988333333333	n/a	475187	frontpanel trigger	1
395.988333333333	n/a	475187	UPPT001	1
395.988333333333	0	475187	Answer	n/a
397.028333333333	n/a	476435	frontpanel trigger	4
397.028333333333	n/a	476435	UPPT001	4
397.028333333333	0	476435	gamble	n/a
400	10	480001	trial	n/a
401.028333333333	n/a	481235	frontpanel trigger	16
401.028333333333	n/a	481235	UPPT001	16
401.028333333333	0	481235	lose	n/a
403.021666666667	n/a	483627	frontpanel trigger	32
403.021666666667	n/a	483627	UPPT001	32
403.021666666667	0	483627	ratemood	n/a
406.021666666667	n/a	487227	frontpanel trigger	64
406.021666666667	n/a	487227	UPPT001	64
406.021666666667	0	487227	slider	n/a
410	10	492001	trial	n/a
412.549166666667	n/a	495060	frontpanel trigger	1
412.549166666667	n/a	495060	UPPT001	1
412.549166666667	0	495060	Answer	n/a
413.706666666667	n/a	496449	frontpanel trigger	4
413.706666666667	n/a	496449	UPPT001	4
413.706666666667	0	496449	gamble	n/a
417.705833333333	n/a	501248	frontpanel trigger	8
417.705833333333	n/a	501248	UPPT001	8
417.705833333333	0	501248	win	n/a
420	10	504001	trial	n/a
420.721666666667	n/a	504867	frontpanel trigger	1
420.721666666667	n/a	504867	UPPT001	1
420.721666666667	0	504867	Answer	n/a
421.6925	n/a	506032	frontpanel trigger	4
421.6925	n/a	506032	UPPT001	4
421.6925	0	506032	gamble	n/a
425.691666666667	n/a	510831	frontpanel trigger	16
425.691666666667	n/a	510831	UPPT001	16
425.691666666667	0	510831	lose	n/a
428.705	n/a	514447	frontpanel trigger	1
428.705	n/a	514447	UPPT001	1
428.705	0	514447	Answer	n/a
430	10	516001	trial	n/a
430.010833333333	n/a	516014	frontpanel trigger	4
430.010833333333	n/a	516014	UPPT001	4
430.010833333333	0	516014	gamble	n/a
434.010833333333	n/a	520814	frontpanel trigger	8
434.010833333333	n/a	520814	UPPT001	8
434.010833333333	0	520814	win	n/a
436.000833333333	n/a	523202	frontpanel trigger	32
436.000833333333	n/a	523202	UPPT001	32
436.000833333333	0	523202	ratemood	n/a
439.000833333333	n/a	526802	frontpanel trigger	64
439.000833333333	n/a	526802	UPPT001	64
439.000833333333	0	526802	slider	n/a
440	10	528001	trial	n/a
445.530833333333	n/a	534638	frontpanel trigger	1
445.530833333333	n/a	534638	UPPT001	1
445.530833333333	0	534638	Answer	n/a
446.55	n/a	535861	frontpanel trigger	4
446.55	n/a	535861	UPPT001	4
446.55	0	535861	gamble	n/a
450	10	540001	trial	n/a
450.549166666667	n/a	540660	frontpanel trigger	8
450.549166666667	n/a	540660	UPPT001	8
450.549166666667	0	540660	win	n/a
453.565	n/a	544279	frontpanel trigger	1
453.565	n/a	544279	UPPT001	1
453.565	0	544279	Answer	n/a
455.655	n/a	546787	frontpanel trigger	4
455.655	n/a	546787	UPPT001	4
455.655	0	546787	gamble	n/a
459.655	n/a	551587	frontpanel trigger	8
459.655	n/a	551587	UPPT001	8
459.655	0	551587	win	n/a
460	10	552001	trial	n/a
461.645	n/a	553975	frontpanel trigger	32
461.645	n/a	553975	UPPT001	32
461.645	0	553975	ratemood	n/a
464.644166666667	n/a	557574	frontpanel trigger	64
464.644166666667	n/a	557574	UPPT001	64
464.644166666667	0	557574	slider	n/a
470	10	564001	trial	n/a
471.170833333333	n/a	565406	frontpanel trigger	1
471.170833333333	n/a	565406	UPPT001	1
471.170833333333	0	565406	Answer	n/a
471.960833333333	n/a	566354	frontpanel trigger	4
471.960833333333	n/a	566354	UPPT001	4
471.960833333333	0	566354	gamble	n/a
475.960833333333	n/a	571154	frontpanel trigger	8
475.960833333333	n/a	571154	UPPT001	8
475.960833333333	0	571154	win	n/a
478.973333333333	n/a	574769	frontpanel trigger	1
478.973333333333	n/a	574769	UPPT001	1
478.973333333333	0	574769	Answer	n/a
480	10	576001	trial	n/a
480.046666666667	n/a	576057	frontpanel trigger	4
480.046666666667	n/a	576057	UPPT001	4
480.046666666667	0	576057	gamble	n/a
484.045833333333	n/a	580856	frontpanel trigger	8
484.045833333333	n/a	580856	UPPT001	8
484.045833333333	0	580856	win	n/a
487.06	n/a	584473	frontpanel trigger	1
487.06	n/a	584473	UPPT001	1
487.06	0	584473	Answer	n/a
489.15	n/a	586981	frontpanel trigger	4
489.15	n/a	586981	UPPT001	4
489.15	0	586981	gamble	n/a
490	10	588001	trial	n/a
493.15	n/a	591781	frontpanel trigger	8
493.15	n/a	591781	UPPT001	8
493.15	0	591781	win	n/a
495.140833333333	n/a	594170	frontpanel trigger	32
495.140833333333	n/a	594170	UPPT001	32
495.140833333333	0	594170	ratemood	n/a
498.140833333333	n/a	597770	frontpanel trigger	64
498.140833333333	n/a	597770	UPPT001	64
498.140833333333	0	597770	slider	n/a
500	10	600001	trial	n/a
504.6725	n/a	605608	frontpanel trigger	1
504.6725	n/a	605608	UPPT001	1
504.6725	0	605608	Answer	n/a
506.008333333333	n/a	607211	frontpanel trigger	4
506.008333333333	n/a	607211	UPPT001	4
506.008333333333	0	607211	gamble	n/a
510	10	612001	trial	n/a
510.008333333333	n/a	612011	frontpanel trigger	8
510.008333333333	n/a	612011	UPPT001	8
510.008333333333	0	612011	win	n/a
513.02	n/a	615625	frontpanel trigger	1
513.02	n/a	615625	UPPT001	1
513.02	0	615625	Answer	n/a
515.126666666667	n/a	618153	frontpanel trigger	2
515.126666666667	n/a	618153	UPPT001	2
515.126666666667	0	618153	certain	n/a
520	10	624001	trial	n/a
521.118333333333	n/a	625343	frontpanel trigger	32
521.118333333333	n/a	625343	UPPT001	32
521.118333333333	0	625343	ratemood	n/a
524.1175	n/a	628942	frontpanel trigger	64
524.1175	n/a	628942	UPPT001	64
524.1175	0	628942	slider	n/a
530	10	636001	trial	n/a
530.644166666667	n/a	636774	frontpanel trigger	1
530.644166666667	n/a	636774	UPPT001	1
530.644166666667	0	636774	Answer	n/a
531.633333333333	n/a	637961	frontpanel trigger	4
531.633333333333	n/a	637961	UPPT001	4
531.633333333333	0	637961	gamble	n/a
535.633333333333	n/a	642761	frontpanel trigger	8
535.633333333333	n/a	642761	UPPT001	8
535.633333333333	0	642761	win	n/a
538.6475	n/a	646378	frontpanel trigger	1
538.6475	n/a	646378	UPPT001	1
538.6475	0	646378	Answer	n/a
539.904166666667	n/a	647886	frontpanel trigger	2
539.904166666667	n/a	647886	UPPT001	2
539.904166666667	0	647886	certain	n/a
540	10	648001	trial	n/a
545.894166666667	n/a	655074	frontpanel trigger	32
545.894166666667	n/a	655074	UPPT001	32
545.894166666667	0	655074	ratemood	n/a
548.894166666667	n/a	658674	frontpanel trigger	64
548.894166666667	n/a	658674	UPPT001	64
548.894166666667	0	658674	slider	n/a
550	10	660001	trial	n/a
555.425833333333	n/a	666512	frontpanel trigger	1
555.425833333333	n/a	666512	UPPT001	1
555.425833333333	0	666512	Answer	n/a
556.5275	n/a	667834	frontpanel trigger	4
556.5275	n/a	667834	UPPT001	4
556.5275	0	667834	gamble	n/a
560	10	672001	trial	n/a
560.5275	n/a	672634	frontpanel trigger	16
560.5275	n/a	672634	UPPT001	16
560.5275	0	672634	lose	n/a
563.540833333333	n/a	676250	frontpanel trigger	1
563.540833333333	n/a	676250	UPPT001	1
563.540833333333	0	676250	Answer	n/a
565.448333333333	n/a	678539	frontpanel trigger	4
565.448333333333	n/a	678539	UPPT001	4
565.448333333333	0	678539	gamble	n/a
569.448333333333	n/a	683339	frontpanel trigger	8
569.448333333333	n/a	683339	UPPT001	8
569.448333333333	0	683339	win	n/a
570	10	684001	trial	n/a
572.460833333333	n/a	686954	frontpanel trigger	1
572.460833333333	n/a	686954	UPPT001	1
572.460833333333	0	686954	Answer	n/a
573.634166666667	n/a	688362	frontpanel trigger	4
573.634166666667	n/a	688362	UPPT001	4
573.634166666667	0	688362	gamble	n/a
577.634166666667	n/a	693162	frontpanel trigger	16
577.634166666667	n/a	693162	UPPT001	16
577.634166666667	0	693162	lose	n/a
579.624166666667	n/a	695550	frontpanel trigger	32
579.624166666667	n/a	695550	UPPT001	32
579.624166666667	0	695550	ratemood	n/a
580	10	696001	trial	n/a
582.624166666667	n/a	699150	frontpanel trigger	64
582.624166666667	n/a	699150	UPPT001	64
582.624166666667	0	699150	slider	n/a
589.151666666667	n/a	706983	frontpanel trigger	1
589.151666666667	n/a	706983	UPPT001	1
589.151666666667	0	706983	Answer	n/a
590	10	708001	trial	n/a
591.891666666667	n/a	710271	frontpanel trigger	2
591.891666666667	n/a	710271	UPPT001	2
591.891666666667	0	710271	certain	n/a
598.905833333333	n/a	718688	frontpanel trigger	1
598.905833333333	n/a	718688	UPPT001	1
598.905833333333	0	718688	Answer	n/a
600	10	720001	trial	n/a
600.879166666667	n/a	721056	frontpanel trigger	2
600.879166666667	n/a	721056	UPPT001	2
600.879166666667	0	721056	certain	n/a
606.868333333333	n/a	728243	frontpanel trigger	32
606.868333333333	n/a	728243	UPPT001	32
606.868333333333	0	728243	ratemood	n/a
609.868333333333	n/a	731843	frontpanel trigger	64
609.868333333333	n/a	731843	UPPT001	64
609.868333333333	0	731843	slider	n/a
610	10	732001	trial	n/a
616.399166666667	n/a	739680	frontpanel trigger	1
616.399166666667	n/a	739680	UPPT001	1
616.399166666667	0	739680	Answer	n/a
618.686666666667	n/a	742425	frontpanel trigger	2
618.686666666667	n/a	742425	UPPT001	2
618.686666666667	0	742425	certain	n/a
620	10	744001	trial	n/a
625.7	n/a	750841	frontpanel trigger	1
625.7	n/a	750841	UPPT001	1
625.7	0	750841	Answer	n/a
627.323333333333	n/a	752789	frontpanel trigger	2
627.323333333333	n/a	752789	UPPT001	2
627.323333333333	0	752789	certain	n/a
630	10	756001	trial	n/a
633.3125	n/a	759976	frontpanel trigger	32
633.3125	n/a	759976	UPPT001	32
633.3125	0	759976	ratemood	n/a
636.3125	n/a	763576	frontpanel trigger	64
636.3125	n/a	763576	UPPT001	64
636.3125	0	763576	slider	n/a
640	10	768001	trial	n/a
642.840833333333	n/a	771410	frontpanel trigger	1
642.840833333333	n/a	771410	UPPT001	1
642.840833333333	0	771410	Answer	n/a
644.63	n/a	773557	frontpanel trigger	4
644.63	n/a	773557	UPPT001	4
644.63	0	773557	gamble	n/a
648.63	n/a	778357	frontpanel trigger	8
648.63	n/a	778357	UPPT001	8
648.63	0	778357	win	n/a
650	10	780001	trial	n/a
651.6425	n/a	781972	frontpanel trigger	1
651.6425	n/a	781972	UPPT001	1
651.6425	0	781972	Answer	n/a
653.199166666667	n/a	783840	frontpanel trigger	4
653.199166666667	n/a	783840	UPPT001	4
653.199166666667	0	783840	gamble	n/a
657.199166666667	n/a	788640	frontpanel trigger	8
657.199166666667	n/a	788640	UPPT001	8
657.199166666667	0	788640	win	n/a
660	10	792001	trial	n/a
660.2125	n/a	792256	frontpanel trigger	1
660.2125	n/a	792256	UPPT001	1
660.2125	0	792256	Answer	n/a
662.353333333333	n/a	794825	frontpanel trigger	2
662.353333333333	n/a	794825	UPPT001	2
662.353333333333	0	794825	certain	n/a
668.3425	n/a	802012	frontpanel trigger	32
668.3425	n/a	802012	UPPT001	32
668.3425	0	802012	ratemood	n/a
670	10	804001	trial	n/a
671.3425	n/a	805612	frontpanel trigger	64
671.3425	n/a	805612	UPPT001	64
671.3425	0	805612	slider	n/a
677.869166666667	n/a	813444	frontpanel trigger	1
677.869166666667	n/a	813444	UPPT001	1
677.869166666667	0	813444	Answer	n/a
680	10	816001	trial	n/a
680.6925	n/a	816832	frontpanel trigger	2
680.6925	n/a	816832	UPPT001	2
680.6925	0	816832	certain	n/a
687.683333333333	n/a	825221	frontpanel trigger	128
687.683333333333	n/a	825221	UPPT001	128
687.683333333333	0	825221	rest	n/a
690	10	828001	trial	n/a
695.455	n/a	834547	frontpanel trigger	32
695.455	n/a	834547	UPPT001	32
695.455	0	834547	ratemood	n/a
698.47	n/a	838165	frontpanel trigger	64
698.47	n/a	838165	UPPT001	64
698.47	0	838165	slider	n/a
700	10	840001	trial	n/a
705.993333333333	n/a	847193	frontpanel trigger	1
705.993333333333	n/a	847193	UPPT001	1
705.993333333333	0	847193	Answer	n/a
706.870833333333	n/a	848246	frontpanel trigger	4
706.870833333333	n/a	848246	UPPT001	4
706.870833333333	0	848246	gamble	n/a
710	10	852001	trial	n/a
710.87	n/a	853045	frontpanel trigger	16
710.87	n/a	853045	UPPT001	16
710.87	0	853045	lose	n/a
712.86	n/a	855433	frontpanel trigger	32
712.86	n/a	855433	UPPT001	32
712.86	0	855433	ratemood	n/a
715.86	n/a	859033	frontpanel trigger	64
715.86	n/a	859033	UPPT001	64
715.86	0	859033	slider	n/a
720	10	864001	trial	n/a
722.390833333333	n/a	866870	frontpanel trigger	1
722.390833333333	n/a	866870	UPPT001	1
722.390833333333	0	866870	Answer	n/a
723.293333333333	n/a	867953	frontpanel trigger	4
723.293333333333	n/a	867953	UPPT001	4
723.293333333333	0	867953	gamble	n/a
727.293333333333	n/a	872753	frontpanel trigger	8
727.293333333333	n/a	872753	UPPT001	8
727.293333333333	0	872753	win	n/a
730	10	876001	trial	n/a
730.3075	n/a	876370	frontpanel trigger	1
730.3075	n/a	876370	UPPT001	1
730.3075	0	876370	Answer	n/a
731.680833333333	n/a	878018	frontpanel trigger	4
731.680833333333	n/a	878018	UPPT001	4
731.680833333333	0	878018	gamble	n/a
735.68	n/a	882817	frontpanel trigger	8
735.68	n/a	882817	UPPT001	8
735.68	0	882817	win	n/a
738.694166666667	n/a	886434	frontpanel trigger	1
738.694166666667	n/a	886434	UPPT001	1
738.694166666667	0	886434	Answer	n/a
740	10	888001	trial	n/a
740.300833333333	n/a	888362	frontpanel trigger	4
740.300833333333	n/a	888362	UPPT001	4
740.300833333333	0	888362	gamble	n/a
744.300833333333	n/a	893162	frontpanel trigger	16
744.300833333333	n/a	893162	UPPT001	16
744.300833333333	0	893162	lose	n/a
746.29	n/a	895549	frontpanel trigger	32
746.29	n/a	895549	UPPT001	32
746.29	0	895549	ratemood	n/a
749.29	n/a	899149	frontpanel trigger	64
749.29	n/a	899149	UPPT001	64
749.29	0	899149	slider	n/a
750	10	900001	trial	n/a
755.816666666667	n/a	906981	frontpanel trigger	1
755.816666666667	n/a	906981	UPPT001	1
755.816666666667	0	906981	Answer	n/a
756.723333333333	n/a	908069	frontpanel trigger	4
756.723333333333	n/a	908069	UPPT001	4
756.723333333333	0	908069	gamble	n/a
760	10	912001	trial	n/a
760.723333333333	n/a	912869	frontpanel trigger	8
760.723333333333	n/a	912869	UPPT001	8
760.723333333333	0	912869	win	n/a
763.7375	n/a	916486	frontpanel trigger	1
763.7375	n/a	916486	UPPT001	1
763.7375	0	916486	Answer	n/a
764.843333333333	n/a	917813	frontpanel trigger	4
764.843333333333	n/a	917813	UPPT001	4
764.843333333333	0	917813	gamble	n/a
768.844166666667	n/a	922614	frontpanel trigger	16
768.844166666667	n/a	922614	UPPT001	16
768.844166666667	0	922614	lose	n/a
770	10	924001	trial	n/a
770.833333333333	n/a	925001	frontpanel trigger	32
770.833333333333	n/a	925001	UPPT001	32
770.833333333333	0	925001	ratemood	n/a
773.833333333333	n/a	928601	frontpanel trigger	64
773.833333333333	n/a	928601	UPPT001	64
773.833333333333	0	928601	slider	n/a
780	10	936001	trial	n/a
780.363333333333	n/a	936437	frontpanel trigger	1
780.363333333333	n/a	936437	UPPT001	1
780.363333333333	0	936437	Answer	n/a
781.665833333333	n/a	938000	frontpanel trigger	4
781.665833333333	n/a	938000	UPPT001	4
781.665833333333	0	938000	gamble	n/a
785.665833333333	n/a	942800	frontpanel trigger	16
785.665833333333	n/a	942800	UPPT001	16
785.665833333333	0	942800	lose	n/a
788.679166666667	n/a	946416	frontpanel trigger	1
788.679166666667	n/a	946416	UPPT001	1
788.679166666667	0	946416	Answer	n/a
789.7025	n/a	947644	frontpanel trigger	4
789.7025	n/a	947644	UPPT001	4
789.7025	0	947644	gamble	n/a
790	10	948001	trial	n/a
793.7025	n/a	952444	frontpanel trigger	16
793.7025	n/a	952444	UPPT001	16
793.7025	0	952444	lose	n/a
795.6925	n/a	954832	frontpanel trigger	32
795.6925	n/a	954832	UPPT001	32
795.6925	0	954832	ratemood	n/a
798.6925	n/a	958432	frontpanel trigger	64
798.6925	n/a	958432	UPPT001	64
798.6925	0	958432	slider	n/a
800	10	960001	trial	n/a
805.220833333333	n/a	966266	frontpanel trigger	1
805.220833333333	n/a	966266	UPPT001	1
805.220833333333	0	966266	Answer	n/a
806.075833333333	n/a	967292	frontpanel trigger	4
806.075833333333	n/a	967292	UPPT001	4
806.075833333333	0	967292	gamble	n/a
810	10	972001	trial	n/a
810.075833333333	n/a	972092	frontpanel trigger	8
810.075833333333	n/a	972092	UPPT001	8
810.075833333333	0	972092	win	n/a
813.0875	n/a	975706	frontpanel trigger	1
813.0875	n/a	975706	UPPT001	1
813.0875	0	975706	Answer	n/a
814.095	n/a	976915	frontpanel trigger	4
814.095	n/a	976915	UPPT001	4
814.095	0	976915	gamble	n/a
818.094166666667	n/a	981714	frontpanel trigger	8
818.094166666667	n/a	981714	UPPT001	8
818.094166666667	0	981714	win	n/a
820	10	984001	trial	n/a
821.109166666667	n/a	985332	frontpanel trigger	1
821.109166666667	n/a	985332	UPPT001	1
821.109166666667	0	985332	Answer	n/a
822.233333333333	n/a	986681	frontpanel trigger	4
822.233333333333	n/a	986681	UPPT001	4
822.233333333333	0	986681	gamble	n/a
826.2325	n/a	991480	frontpanel trigger	16
826.2325	n/a	991480	UPPT001	16
826.2325	0	991480	lose	n/a
828.2225	n/a	993868	frontpanel trigger	32
828.2225	n/a	993868	UPPT001	32
828.2225	0	993868	ratemood	n/a
830	10	996001	trial	n/a
831.2225	n/a	997468	frontpanel trigger	64
831.2225	n/a	997468	UPPT001	64
831.2225	0	997468	slider	n/a
837.750833333333	n/a	1005302	frontpanel trigger	1
837.750833333333	n/a	1005302	UPPT001	1
837.750833333333	0	1005302	Answer	n/a
838.7075	n/a	1006450	frontpanel trigger	4
838.7075	n/a	1006450	UPPT001	4
838.7075	0	1006450	gamble	n/a
840	10	1008001	trial	n/a
842.706666666667	n/a	1011249	frontpanel trigger	8
842.706666666667	n/a	1011249	UPPT001	8
842.706666666667	0	1011249	win	n/a
845.719166666667	n/a	1014864	frontpanel trigger	1
845.719166666667	n/a	1014864	UPPT001	1
845.719166666667	0	1014864	Answer	n/a
846.9425	n/a	1016332	frontpanel trigger	4
846.9425	n/a	1016332	UPPT001	4
846.9425	0	1016332	gamble	n/a
850	10	1020001	trial	n/a
850.9425	n/a	1021132	frontpanel trigger	16
850.9425	n/a	1021132	UPPT001	16
850.9425	0	1021132	lose	n/a
852.9325	n/a	1023520	frontpanel trigger	32
852.9325	n/a	1023520	UPPT001	32
852.9325	0	1023520	ratemood	n/a
855.931666666667	n/a	1027119	frontpanel trigger	64
855.931666666667	n/a	1027119	UPPT001	64
855.931666666667	0	1027119	slider	n/a
860	10	1032001	trial	n/a
862.459166666667	n/a	1034952	frontpanel trigger	1
862.459166666667	n/a	1034952	UPPT001	1
862.459166666667	0	1034952	Answer	n/a
863.465	n/a	1036159	frontpanel trigger	4
863.465	n/a	1036159	UPPT001	4
863.465	0	1036159	gamble	n/a
867.465	n/a	1040959	frontpanel trigger	8
867.465	n/a	1040959	UPPT001	8
867.465	0	1040959	win	n/a
870	10	1044001	trial	n/a
870.48	n/a	1044577	frontpanel trigger	1
870.48	n/a	1044577	UPPT001	1
870.48	0	1044577	Answer	n/a
871.57	n/a	1045885	frontpanel trigger	4
871.57	n/a	1045885	UPPT001	4
871.57	0	1045885	gamble	n/a
875.57	n/a	1050685	frontpanel trigger	8
875.57	n/a	1050685	UPPT001	8
875.57	0	1050685	win	n/a
878.5825	n/a	1054300	frontpanel trigger	1
878.5825	n/a	1054300	UPPT001	1
878.5825	0	1054300	Answer	n/a
879.905	n/a	1055887	frontpanel trigger	4
879.905	n/a	1055887	UPPT001	4
879.905	0	1055887	gamble	n/a
880	10	1056001	trial	n/a
883.905	n/a	1060687	frontpanel trigger	8
883.905	n/a	1060687	UPPT001	8
883.905	0	1060687	win	n/a
885.895	n/a	1063075	frontpanel trigger	32
885.895	n/a	1063075	UPPT001	32
885.895	0	1063075	ratemood	n/a
888.895	n/a	1066675	frontpanel trigger	64
888.895	n/a	1066675	UPPT001	64
888.895	0	1066675	slider	n/a
890	10	1068001	trial	n/a
895.428333333333	n/a	1074515	frontpanel trigger	1
895.428333333333	n/a	1074515	UPPT001	1
895.428333333333	0	1074515	Answer	n/a
896.646666666667	n/a	1075977	frontpanel trigger	4
896.646666666667	n/a	1075977	UPPT001	4
896.646666666667	0	1075977	gamble	n/a
900	10	1080001	trial	n/a
900.645833333333	n/a	1080776	frontpanel trigger	16
900.645833333333	n/a	1080776	UPPT001	16
900.645833333333	0	1080776	lose	n/a
903.659166666667	n/a	1084392	frontpanel trigger	1
903.659166666667	n/a	1084392	UPPT001	1
903.659166666667	0	1084392	Answer	n/a
904.565	n/a	1085479	frontpanel trigger	4
904.565	n/a	1085479	UPPT001	4
904.565	0	1085479	gamble	n/a
908.564166666667	n/a	1090278	frontpanel trigger	16
908.564166666667	n/a	1090278	UPPT001	16
908.564166666667	0	1090278	lose	n/a
910	10	1092001	trial	n/a
910.555	n/a	1092667	frontpanel trigger	32
910.555	n/a	1092667	UPPT001	32
910.555	0	1092667	ratemood	n/a
913.555	n/a	1096267	frontpanel trigger	64
913.555	n/a	1096267	UPPT001	64
913.555	0	1096267	slider	n/a
920	10	1104001	trial	n/a
920.080833333333	n/a	1104098	frontpanel trigger	1
920.080833333333	n/a	1104098	UPPT001	1
920.080833333333	0	1104098	Answer	n/a
921.3875	n/a	1105666	frontpanel trigger	4
921.3875	n/a	1105666	UPPT001	4
921.3875	0	1105666	gamble	n/a
925.386666666667	n/a	1110465	frontpanel trigger	16
925.386666666667	n/a	1110465	UPPT001	16
925.386666666667	0	1110465	lose	n/a
928.4025	n/a	1114084	frontpanel trigger	1
928.4025	n/a	1114084	UPPT001	1
928.4025	0	1114084	Answer	n/a
930	10	1116001	trial	n/a
930.493333333333	n/a	1116593	frontpanel trigger	4
930.493333333333	n/a	1116593	UPPT001	4
930.493333333333	0	1116593	gamble	n/a
934.4925	n/a	1121392	frontpanel trigger	16
934.4925	n/a	1121392	UPPT001	16
934.4925	0	1121392	lose	n/a
936.481666666667	n/a	1123779	frontpanel trigger	32
936.481666666667	n/a	1123779	UPPT001	32
936.481666666667	0	1123779	ratemood	n/a
939.481666666667	n/a	1127379	frontpanel trigger	64
939.481666666667	n/a	1127379	UPPT001	64
939.481666666667	0	1127379	slider	n/a
940	10	1128001	trial	n/a
946.013333333333	n/a	1135217	frontpanel trigger	1
946.013333333333	n/a	1135217	UPPT001	1
946.013333333333	0	1135217	Answer	n/a
947.765833333333	n/a	1137320	frontpanel trigger	4
947.765833333333	n/a	1137320	UPPT001	4
947.765833333333	0	1137320	gamble	n/a
950	10	1140001	trial	n/a
951.765	n/a	1142119	frontpanel trigger	16
951.765	n/a	1142119	UPPT001	16
951.765	0	1142119	lose	n/a
954.78	n/a	1145737	frontpanel trigger	1
954.78	n/a	1145737	UPPT001	1
954.78	0	1145737	Answer	n/a
957.386666666667	n/a	1148865	frontpanel trigger	4
957.386666666667	n/a	1148865	UPPT001	4
957.386666666667	0	1148865	gamble	n/a
960	10	1152001	trial	n/a
961.386666666667	n/a	1153665	frontpanel trigger	8
961.386666666667	n/a	1153665	UPPT001	8
961.386666666667	0	1153665	win	n/a
964.400833333333	n/a	1157282	frontpanel trigger	1
964.400833333333	n/a	1157282	UPPT001	1
964.400833333333	0	1157282	Answer	n/a
966.724166666667	n/a	1160070	frontpanel trigger	4
966.724166666667	n/a	1160070	UPPT001	4
966.724166666667	0	1160070	gamble	n/a
970	10	1164001	trial	n/a
970.724166666667	n/a	1164870	frontpanel trigger	16
970.724166666667	n/a	1164870	UPPT001	16
970.724166666667	0	1164870	lose	n/a
972.7125	n/a	1167256	frontpanel trigger	32
972.7125	n/a	1167256	UPPT001	32
972.7125	0	1167256	ratemood	n/a
975.7125	n/a	1170856	frontpanel trigger	64
975.7125	n/a	1170856	UPPT001	64
975.7125	0	1170856	slider	n/a
980	10	1176001	trial	n/a
982.24	n/a	1178689	frontpanel trigger	1
982.24	n/a	1178689	UPPT001	1
982.24	0	1178689	Answer	n/a
983.58	n/a	1180297	frontpanel trigger	4
983.58	n/a	1180297	UPPT001	4
983.58	0	1180297	gamble	n/a
987.58	n/a	1185097	frontpanel trigger	16
987.58	n/a	1185097	UPPT001	16
987.58	0	1185097	lose	n/a
990	10	1188001	trial	n/a
990.5925	n/a	1188712	frontpanel trigger	1
990.5925	n/a	1188712	UPPT001	1
990.5925	0	1188712	Answer	n/a
991.981666666667	n/a	1190379	frontpanel trigger	4
991.981666666667	n/a	1190379	UPPT001	4
991.981666666667	0	1190379	gamble	n/a
995.981666666667	n/a	1195179	frontpanel trigger	8
995.981666666667	n/a	1195179	UPPT001	8
995.981666666667	0	1195179	win	n/a
997.9725	n/a	1197568	frontpanel trigger	32
997.9725	n/a	1197568	UPPT001	32
997.9725	0	1197568	ratemood	n/a
1000	10	1200001	trial	n/a
1000.9725	n/a	1201168	frontpanel trigger	64
1000.9725	n/a	1201168	UPPT001	64
1000.9725	0	1201168	slider	n/a
1007.50416666667	n/a	1209006	frontpanel trigger	1
1007.50416666667	n/a	1209006	UPPT001	1
1007.50416666667	0	1209006	Answer	n/a
1009.90666666667	n/a	1211889	frontpanel trigger	4
1009.90666666667	n/a	1211889	UPPT001	4
1009.90666666667	0	1211889	gamble	n/a
1010	10	1212001	trial	n/a
1013.90666666667	n/a	1216689	frontpanel trigger	8
1013.90666666667	n/a	1216689	UPPT001	8
1013.90666666667	0	1216689	win	n/a
1016.92083333333	n/a	1220306	frontpanel trigger	1
1016.92083333333	n/a	1220306	UPPT001	1
1016.92083333333	0	1220306	Answer	n/a
1018.51083333333	n/a	1222214	frontpanel trigger	4
1018.51083333333	n/a	1222214	UPPT001	4
1018.51083333333	0	1222214	gamble	n/a
1020	10	1224001	trial	n/a
1022.51083333333	n/a	1227014	frontpanel trigger	16
1022.51083333333	n/a	1227014	UPPT001	16
1022.51083333333	0	1227014	lose	n/a
1024.5	n/a	1229401	frontpanel trigger	32
1024.5	n/a	1229401	UPPT001	32
1024.5	0	1229401	ratemood	n/a
1027.5	n/a	1233001	frontpanel trigger	64
1027.5	n/a	1233001	UPPT001	64
1027.5	0	1233001	slider	n/a
1030	10	1236001	trial	n/a
1034.0025	n/a	1240804	frontpanel trigger	128
1034.0025	n/a	1240804	UPPT001	128
1034.0025	0	1240804	rest	n/a
1040	10	1248001	trial	n/a
1044	0	1252801	FitError	n/a
1050	10	1260001	trial	n/a
1060	10	1272001	trial	n/a
1067.76666666667	0	1281321	HeadMotion	n/a
